index,filenames
1,img_valid_1.jpg
2,img_valid_2.jpg
3,img_valid_3.jpg
4,img_valid_4.jpg
5,img_valid_5.jpg
6,img_valid_6.jpg
7,img_valid_7.jpg
8,img_valid_8.jpg
9,img_valid_9.jpg
10,img_valid_10.jpg
11,img_valid_11.jpg
12,img_valid_12.jpg
13,img_valid_13.jpg
14,img_valid_14.jpg
15,img_valid_15.jpg
16,img_valid_16.jpg
17,img_valid_17.jpg
18,img_valid_18.jpg
19,img_valid_19.jpg
20,img_valid_20.jpg
21,img_valid_21.jpg
22,img_valid_22.jpg
23,img_valid_23.jpg
24,img_valid_24.jpg
25,img_valid_25.jpg
26,img_valid_26.jpg
27,img_valid_27.jpg
28,img_valid_28.jpg
29,img_valid_29.jpg
30,img_valid_30.jpg
31,img_valid_31.jpg
32,img_valid_32.jpg
33,img_valid_33.jpg
34,img_valid_34.jpg
35,img_valid_35.jpg
36,img_valid_36.jpg
37,img_valid_37.jpg
38,img_valid_38.jpg
39,img_valid_39.jpg
40,img_valid_40.jpg
41,img_valid_41.jpg
42,img_valid_42.jpg
43,img_valid_43.jpg
44,img_valid_44.jpg
45,img_valid_45.jpg
46,img_valid_46.jpg
47,img_valid_47.jpg
48,img_valid_48.jpg
49,img_valid_49.jpg
50,img_valid_50.jpg
51,img_valid_51.jpg
52,img_valid_52.jpg
53,img_valid_53.jpg
54,img_valid_54.jpg
55,img_valid_55.jpg
56,img_valid_56.jpg
57,img_valid_57.jpg
58,img_valid_58.jpg
59,img_valid_59.jpg
60,img_valid_60.jpg
61,img_valid_61.jpg
62,img_valid_62.jpg
63,img_valid_63.jpg
64,img_valid_64.jpg
65,img_valid_65.jpg
66,img_valid_66.jpg
67,img_valid_67.jpg
68,img_valid_68.jpg
69,img_valid_69.jpg
70,img_valid_70.jpg
71,img_valid_71.jpg
72,img_valid_72.jpg
73,img_valid_73.jpg
74,img_valid_74.jpg
75,img_valid_75.jpg
76,img_valid_76.jpg
77,img_valid_77.jpg
78,img_valid_78.jpg
79,img_valid_79.jpg
80,img_valid_80.jpg
81,img_valid_81.jpg
82,img_valid_82.jpg
83,img_valid_83.jpg
84,img_valid_84.jpg
85,img_valid_85.jpg
86,img_valid_86.jpg
87,img_valid_87.jpg
88,img_valid_88.jpg
89,img_valid_89.jpg
90,img_valid_90.jpg
91,img_valid_91.jpg
92,img_valid_92.jpg
93,img_valid_93.jpg
94,img_valid_94.jpg
95,img_valid_95.jpg
96,img_valid_96.jpg
97,img_valid_97.jpg
98,img_valid_98.jpg
99,img_valid_99.jpg
100,img_valid_100.jpg
101,img_valid_101.jpg
102,img_valid_102.jpg
103,img_valid_103.jpg
104,img_valid_104.jpg
105,img_valid_105.jpg
106,img_valid_106.jpg
107,img_valid_107.jpg
108,img_valid_108.jpg
109,img_valid_109.jpg
110,img_valid_110.jpg
111,img_valid_111.jpg
112,img_valid_112.jpg
113,img_valid_113.jpg
114,img_valid_114.jpg
115,img_valid_115.jpg
116,img_valid_116.jpg
117,img_valid_117.jpg
118,img_valid_118.jpg
119,img_valid_119.jpg
120,img_valid_120.jpg
121,img_valid_121.jpg
122,img_valid_122.jpg
123,img_valid_123.jpg
124,img_valid_124.jpg
125,img_valid_125.jpg
126,img_valid_126.jpg
127,img_valid_127.jpg
128,img_valid_128.jpg
129,img_valid_129.jpg
130,img_valid_130.jpg
131,img_valid_131.jpg
132,img_valid_132.jpg
133,img_valid_133.jpg
134,img_valid_134.jpg
135,img_valid_135.jpg
136,img_valid_136.jpg
137,img_valid_137.jpg
138,img_valid_138.jpg
139,img_valid_139.jpg
140,img_valid_140.jpg
141,img_valid_141.jpg
142,img_valid_142.jpg
143,img_valid_143.jpg
144,img_valid_144.jpg
145,img_valid_145.jpg
146,img_valid_146.jpg
147,img_valid_147.jpg
148,img_valid_148.jpg
149,img_valid_149.jpg
150,img_valid_150.jpg
151,img_valid_151.jpg
152,img_valid_152.jpg
153,img_valid_153.jpg
154,img_valid_154.jpg
155,img_valid_155.jpg
156,img_valid_156.jpg
157,img_valid_157.jpg
158,img_valid_158.jpg
159,img_valid_159.jpg
160,img_valid_160.jpg
161,img_valid_161.jpg
162,img_valid_162.jpg
163,img_valid_163.jpg
164,img_valid_164.jpg
165,img_valid_165.jpg
166,img_valid_166.jpg
167,img_valid_167.jpg
168,img_valid_168.jpg
169,img_valid_169.jpg
170,img_valid_170.jpg
171,img_valid_171.jpg
172,img_valid_172.jpg
173,img_valid_173.jpg
174,img_valid_174.jpg
175,img_valid_175.jpg
176,img_valid_176.jpg
177,img_valid_177.jpg
178,img_valid_178.jpg
179,img_valid_179.jpg
180,img_valid_180.jpg
181,img_valid_181.jpg
182,img_valid_182.jpg
183,img_valid_183.jpg
184,img_valid_184.jpg
185,img_valid_185.jpg
186,img_valid_186.jpg
187,img_valid_187.jpg
188,img_valid_188.jpg
189,img_valid_189.jpg
190,img_valid_190.jpg
191,img_valid_191.jpg
192,img_valid_192.jpg
193,img_valid_193.jpg
194,img_valid_194.jpg
195,img_valid_195.jpg
196,img_valid_196.jpg
197,img_valid_197.jpg
198,img_valid_198.jpg
199,img_valid_199.jpg
200,img_valid_200.jpg
201,img_valid_201.jpg
202,img_valid_202.jpg
203,img_valid_203.jpg
204,img_valid_204.jpg
205,img_valid_205.jpg
206,img_valid_206.jpg
207,img_valid_207.jpg
208,img_valid_208.jpg
209,img_valid_209.jpg
210,img_valid_210.jpg
211,img_valid_211.jpg
212,img_valid_212.jpg
213,img_valid_213.jpg
214,img_valid_214.jpg
215,img_valid_215.jpg
216,img_valid_216.jpg
217,img_valid_217.jpg
218,img_valid_218.jpg
219,img_valid_219.jpg
220,img_valid_220.jpg
221,img_valid_221.jpg
222,img_valid_222.jpg
223,img_valid_223.jpg
224,img_valid_224.jpg
225,img_valid_225.jpg
226,img_valid_226.jpg
227,img_valid_227.jpg
228,img_valid_228.jpg
229,img_valid_229.jpg
230,img_valid_230.jpg
231,img_valid_231.jpg
232,img_valid_232.jpg
233,img_valid_233.jpg
234,img_valid_234.jpg
235,img_valid_235.jpg
236,img_valid_236.jpg
237,img_valid_237.jpg
238,img_valid_238.jpg
239,img_valid_239.jpg
240,img_valid_240.jpg
241,img_valid_241.jpg
242,img_valid_242.jpg
243,img_valid_243.jpg
244,img_valid_244.jpg
245,img_valid_245.jpg
246,img_valid_246.jpg
247,img_valid_247.jpg
248,img_valid_248.jpg
249,img_valid_249.jpg
250,img_valid_250.jpg
251,img_valid_251.jpg
252,img_valid_252.jpg
253,img_valid_253.jpg
254,img_valid_254.jpg
255,img_valid_255.jpg
256,img_valid_256.jpg
257,img_valid_257.jpg
258,img_valid_258.jpg
259,img_valid_259.jpg
260,img_valid_260.jpg
261,img_valid_261.jpg
262,img_valid_262.jpg
263,img_valid_263.jpg
264,img_valid_264.jpg
265,img_valid_265.jpg
266,img_valid_266.jpg
267,img_valid_267.jpg
268,img_valid_268.jpg
269,img_valid_269.jpg
270,img_valid_270.jpg
271,img_valid_271.jpg
272,img_valid_272.jpg
273,img_valid_273.jpg
274,img_valid_274.jpg
275,img_valid_275.jpg
276,img_valid_276.jpg
277,img_valid_277.jpg
278,img_valid_278.jpg
279,img_valid_279.jpg
280,img_valid_280.jpg
281,img_valid_281.jpg
282,img_valid_282.jpg
283,img_valid_283.jpg
284,img_valid_284.jpg
285,img_valid_285.jpg
286,img_valid_286.jpg
287,img_valid_287.jpg
288,img_valid_288.jpg
289,img_valid_289.jpg
290,img_valid_290.jpg
291,img_valid_291.jpg
292,img_valid_292.jpg
293,img_valid_293.jpg
294,img_valid_294.jpg
295,img_valid_295.jpg
296,img_valid_296.jpg
297,img_valid_297.jpg
298,img_valid_298.jpg
299,img_valid_299.jpg
300,img_valid_300.jpg
301,img_valid_301.jpg
302,img_valid_302.jpg
303,img_valid_303.jpg
304,img_valid_304.jpg
305,img_valid_305.jpg
306,img_valid_306.jpg
307,img_valid_307.jpg
308,img_valid_308.jpg
309,img_valid_309.jpg
310,img_valid_310.jpg
311,img_valid_311.jpg
312,img_valid_312.jpg
313,img_valid_313.jpg
314,img_valid_314.jpg
315,img_valid_315.jpg
316,img_valid_316.jpg
317,img_valid_317.jpg
318,img_valid_318.jpg
319,img_valid_319.jpg
320,img_valid_320.jpg
321,img_valid_321.jpg
322,img_valid_322.jpg
323,img_valid_323.jpg
324,img_valid_324.jpg
325,img_valid_325.jpg
326,img_valid_326.jpg
327,img_valid_327.jpg
328,img_valid_328.jpg
329,img_valid_329.jpg
330,img_valid_330.jpg
331,img_valid_331.jpg
332,img_valid_332.jpg
333,img_valid_333.jpg
334,img_valid_334.jpg
335,img_valid_335.jpg
336,img_valid_336.jpg
337,img_valid_337.jpg
338,img_valid_338.jpg
339,img_valid_339.jpg
340,img_valid_340.jpg
341,img_valid_341.jpg
342,img_valid_342.jpg
343,img_valid_343.jpg
344,img_valid_344.jpg
345,img_valid_345.jpg
346,img_valid_346.jpg
347,img_valid_347.jpg
348,img_valid_348.jpg
349,img_valid_349.jpg
350,img_valid_350.jpg
351,img_valid_351.jpg
352,img_valid_352.jpg
353,img_valid_353.jpg
354,img_valid_354.jpg
355,img_valid_355.jpg
356,img_valid_356.jpg
357,img_valid_357.jpg
358,img_valid_358.jpg
359,img_valid_359.jpg
360,img_valid_360.jpg
361,img_valid_361.jpg
362,img_valid_362.jpg
363,img_valid_363.jpg
364,img_valid_364.jpg
365,img_valid_365.jpg
366,img_valid_366.jpg
367,img_valid_367.jpg
368,img_valid_368.jpg
369,img_valid_369.jpg
370,img_valid_370.jpg
371,img_valid_371.jpg
372,img_valid_372.jpg
373,img_valid_373.jpg
374,img_valid_374.jpg
375,img_valid_375.jpg
376,img_valid_376.jpg
377,img_valid_377.jpg
378,img_valid_378.jpg
379,img_valid_379.jpg
380,img_valid_380.jpg
381,img_valid_381.jpg
382,img_valid_382.jpg
383,img_valid_383.jpg
384,img_valid_384.jpg
385,img_valid_385.jpg
386,img_valid_386.jpg
387,img_valid_387.jpg
388,img_valid_388.jpg
389,img_valid_389.jpg
390,img_valid_390.jpg
391,img_valid_391.jpg
392,img_valid_392.jpg
393,img_valid_393.jpg
394,img_valid_394.jpg
395,img_valid_395.jpg
396,img_valid_396.jpg
397,img_valid_397.jpg
398,img_valid_398.jpg
399,img_valid_399.jpg
400,img_valid_400.jpg
401,img_valid_401.jpg
402,img_valid_402.jpg
403,img_valid_403.jpg
404,img_valid_404.jpg
405,img_valid_405.jpg
406,img_valid_406.jpg
407,img_valid_407.jpg
408,img_valid_408.jpg
409,img_valid_409.jpg
410,img_valid_410.jpg
411,img_valid_411.jpg
412,img_valid_412.jpg
413,img_valid_413.jpg
414,img_valid_414.jpg
415,img_valid_415.jpg
416,img_valid_416.jpg
417,img_valid_417.jpg
418,img_valid_418.jpg
419,img_valid_419.jpg
420,img_valid_420.jpg
421,img_valid_421.jpg
422,img_valid_422.jpg
423,img_valid_423.jpg
424,img_valid_424.jpg
425,img_valid_425.jpg
426,img_valid_426.jpg
427,img_valid_427.jpg
428,img_valid_428.jpg
429,img_valid_429.jpg
430,img_valid_430.jpg
431,img_valid_431.jpg
432,img_valid_432.jpg
433,img_valid_433.jpg
434,img_valid_434.jpg
435,img_valid_435.jpg
436,img_valid_436.jpg
437,img_valid_437.jpg
438,img_valid_438.jpg
439,img_valid_439.jpg
440,img_valid_440.jpg
441,img_valid_441.jpg
442,img_valid_442.jpg
443,img_valid_443.jpg
444,img_valid_444.jpg
445,img_valid_445.jpg
446,img_valid_446.jpg
447,img_valid_447.jpg
448,img_valid_448.jpg
449,img_valid_449.jpg
450,img_valid_450.jpg
451,img_valid_451.jpg
452,img_valid_452.jpg
453,img_valid_453.jpg
454,img_valid_454.jpg
455,img_valid_455.jpg
456,img_valid_456.jpg
457,img_valid_457.jpg
458,img_valid_458.jpg
459,img_valid_459.jpg
460,img_valid_460.jpg
461,img_valid_461.jpg
462,img_valid_462.jpg
463,img_valid_463.jpg
464,img_valid_464.jpg
465,img_valid_465.jpg
466,img_valid_466.jpg
467,img_valid_467.jpg
468,img_valid_468.jpg
469,img_valid_469.jpg
470,img_valid_470.jpg
471,img_valid_471.jpg
472,img_valid_472.jpg
473,img_valid_473.jpg
474,img_valid_474.jpg
475,img_valid_475.jpg
476,img_valid_476.jpg
477,img_valid_477.jpg
478,img_valid_478.jpg
479,img_valid_479.jpg
480,img_valid_480.jpg
481,img_valid_481.jpg
482,img_valid_482.jpg
483,img_valid_483.jpg
484,img_valid_484.jpg
485,img_valid_485.jpg
486,img_valid_486.jpg
487,img_valid_487.jpg
488,img_valid_488.jpg
489,img_valid_489.jpg
490,img_valid_490.jpg
491,img_valid_491.jpg
492,img_valid_492.jpg
493,img_valid_493.jpg
494,img_valid_494.jpg
495,img_valid_495.jpg
496,img_valid_496.jpg
497,img_valid_497.jpg
498,img_valid_498.jpg
499,img_valid_499.jpg
500,img_valid_500.jpg
501,img_valid_501.jpg
502,img_valid_502.jpg
503,img_valid_503.jpg
504,img_valid_504.jpg
505,img_valid_505.jpg
506,img_valid_506.jpg
507,img_valid_507.jpg
508,img_valid_508.jpg
509,img_valid_509.jpg
510,img_valid_510.jpg
511,img_valid_511.jpg
512,img_valid_512.jpg
513,img_valid_513.jpg
514,img_valid_514.jpg
515,img_valid_515.jpg
516,img_valid_516.jpg
517,img_valid_517.jpg
518,img_valid_518.jpg
519,img_valid_519.jpg
520,img_valid_520.jpg
521,img_valid_521.jpg
522,img_valid_522.jpg
523,img_valid_523.jpg
524,img_valid_524.jpg
525,img_valid_525.jpg
526,img_valid_526.jpg
527,img_valid_527.jpg
528,img_valid_528.jpg
529,img_valid_529.jpg
530,img_valid_530.jpg
531,img_valid_531.jpg
532,img_valid_532.jpg
533,img_valid_533.jpg
534,img_valid_534.jpg
535,img_valid_535.jpg
536,img_valid_536.jpg
537,img_valid_537.jpg
538,img_valid_538.jpg
539,img_valid_539.jpg
540,img_valid_540.jpg
541,img_valid_541.jpg
542,img_valid_542.jpg
543,img_valid_543.jpg
544,img_valid_544.jpg
545,img_valid_545.jpg
546,img_valid_546.jpg
547,img_valid_547.jpg
548,img_valid_548.jpg
549,img_valid_549.jpg
550,img_valid_550.jpg
551,img_valid_551.jpg
552,img_valid_552.jpg
553,img_valid_553.jpg
554,img_valid_554.jpg
555,img_valid_555.jpg
556,img_valid_556.jpg
557,img_valid_557.jpg
558,img_valid_558.jpg
559,img_valid_559.jpg
560,img_valid_560.jpg
561,img_valid_561.jpg
562,img_valid_562.jpg
563,img_valid_563.jpg
564,img_valid_564.jpg
565,img_valid_565.jpg
566,img_valid_566.jpg
567,img_valid_567.jpg
568,img_valid_568.jpg
569,img_valid_569.jpg
570,img_valid_570.jpg
571,img_valid_571.jpg
572,img_valid_572.jpg
573,img_valid_573.jpg
574,img_valid_574.jpg
575,img_valid_575.jpg
576,img_valid_576.jpg
577,img_valid_577.jpg
578,img_valid_578.jpg
579,img_valid_579.jpg
580,img_valid_580.jpg
581,img_valid_581.jpg
582,img_valid_582.jpg
583,img_valid_583.jpg
584,img_valid_584.jpg
585,img_valid_585.jpg
586,img_valid_586.jpg
587,img_valid_587.jpg
588,img_valid_588.jpg
589,img_valid_589.jpg
590,img_valid_590.jpg
591,img_valid_591.jpg
592,img_valid_592.jpg
593,img_valid_593.jpg
594,img_valid_594.jpg
595,img_valid_595.jpg
596,img_valid_596.jpg
597,img_valid_597.jpg
598,img_valid_598.jpg
599,img_valid_599.jpg
600,img_valid_600.jpg
601,img_valid_601.jpg
602,img_valid_602.jpg
603,img_valid_603.jpg
604,img_valid_604.jpg
605,img_valid_605.jpg
606,img_valid_606.jpg
607,img_valid_607.jpg
608,img_valid_608.jpg
609,img_valid_609.jpg
610,img_valid_610.jpg
611,img_valid_611.jpg
612,img_valid_612.jpg
613,img_valid_613.jpg
614,img_valid_614.jpg
615,img_valid_615.jpg
616,img_valid_616.jpg
617,img_valid_617.jpg
618,img_valid_618.jpg
619,img_valid_619.jpg
620,img_valid_620.jpg
621,img_valid_621.jpg
622,img_valid_622.jpg
623,img_valid_623.jpg
624,img_valid_624.jpg
625,img_valid_625.jpg
626,img_valid_626.jpg
627,img_valid_627.jpg
628,img_valid_628.jpg
629,img_valid_629.jpg
630,img_valid_630.jpg
631,img_valid_631.jpg
632,img_valid_632.jpg
633,img_valid_633.jpg
634,img_valid_634.jpg
635,img_valid_635.jpg
636,img_valid_636.jpg
637,img_valid_637.jpg
638,img_valid_638.jpg
639,img_valid_639.jpg
640,img_valid_640.jpg
641,img_valid_641.jpg
642,img_valid_642.jpg
643,img_valid_643.jpg
644,img_valid_644.jpg
645,img_valid_645.jpg
646,img_valid_646.jpg
647,img_valid_647.jpg
648,img_valid_648.jpg
649,img_valid_649.jpg
650,img_valid_650.jpg
651,img_valid_651.jpg
652,img_valid_652.jpg
653,img_valid_653.jpg
654,img_valid_654.jpg
655,img_valid_655.jpg
656,img_valid_656.jpg
657,img_valid_657.jpg
658,img_valid_658.jpg
659,img_valid_659.jpg
660,img_valid_660.jpg
661,img_valid_661.jpg
662,img_valid_662.jpg
663,img_valid_663.jpg
664,img_valid_664.jpg
665,img_valid_665.jpg
666,img_valid_666.jpg
667,img_valid_667.jpg
668,img_valid_668.jpg
669,img_valid_669.jpg
670,img_valid_670.jpg
671,img_valid_671.jpg
672,img_valid_672.jpg
673,img_valid_673.jpg
674,img_valid_674.jpg
675,img_valid_675.jpg
676,img_valid_676.jpg
677,img_valid_677.jpg
678,img_valid_678.jpg
679,img_valid_679.jpg
680,img_valid_680.jpg
681,img_valid_681.jpg
682,img_valid_682.jpg
683,img_valid_683.jpg
684,img_valid_684.jpg
685,img_valid_685.jpg
686,img_valid_686.jpg
687,img_valid_687.jpg
688,img_valid_688.jpg
689,img_valid_689.jpg
690,img_valid_690.jpg
691,img_valid_691.jpg
692,img_valid_692.jpg
693,img_valid_693.jpg
694,img_valid_694.jpg
695,img_valid_695.jpg
696,img_valid_696.jpg
697,img_valid_697.jpg
698,img_valid_698.jpg
699,img_valid_699.jpg
700,img_valid_700.jpg
701,img_valid_701.jpg
702,img_valid_702.jpg
703,img_valid_703.jpg
704,img_valid_704.jpg
705,img_valid_705.jpg
706,img_valid_706.jpg
707,img_valid_707.jpg
708,img_valid_708.jpg
709,img_valid_709.jpg
710,img_valid_710.jpg
711,img_valid_711.jpg
712,img_valid_712.jpg
713,img_valid_713.jpg
714,img_valid_714.jpg
715,img_valid_715.jpg
716,img_valid_716.jpg
717,img_valid_717.jpg
718,img_valid_718.jpg
719,img_valid_719.jpg
720,img_valid_720.jpg
721,img_valid_721.jpg
722,img_valid_722.jpg
723,img_valid_723.jpg
724,img_valid_724.jpg
725,img_valid_725.jpg
726,img_valid_726.jpg
727,img_valid_727.jpg
728,img_valid_728.jpg
729,img_valid_729.jpg
730,img_valid_730.jpg
731,img_valid_731.jpg
732,img_valid_732.jpg
733,img_valid_733.jpg
734,img_valid_734.jpg
735,img_valid_735.jpg
736,img_valid_736.jpg
737,img_valid_737.jpg
738,img_valid_738.jpg
739,img_valid_739.jpg
740,img_valid_740.jpg
741,img_valid_741.jpg
742,img_valid_742.jpg
743,img_valid_743.jpg
744,img_valid_744.jpg
745,img_valid_745.jpg
746,img_valid_746.jpg
747,img_valid_747.jpg
748,img_valid_748.jpg
749,img_valid_749.jpg
750,img_valid_750.jpg
751,img_valid_751.jpg
752,img_valid_752.jpg
753,img_valid_753.jpg
754,img_valid_754.jpg
755,img_valid_755.jpg
756,img_valid_756.jpg
757,img_valid_757.jpg
758,img_valid_758.jpg
759,img_valid_759.jpg
760,img_valid_760.jpg
761,img_valid_761.jpg
762,img_valid_762.jpg
763,img_valid_763.jpg
764,img_valid_764.jpg
765,img_valid_765.jpg
766,img_valid_766.jpg
767,img_valid_767.jpg
768,img_valid_768.jpg
769,img_valid_769.jpg
770,img_valid_770.jpg
771,img_valid_771.jpg
772,img_valid_772.jpg
773,img_valid_773.jpg
774,img_valid_774.jpg
775,img_valid_775.jpg
776,img_valid_776.jpg
777,img_valid_777.jpg
778,img_valid_778.jpg
779,img_valid_779.jpg
780,img_valid_780.jpg
781,img_valid_781.jpg
782,img_valid_782.jpg
783,img_valid_783.jpg
784,img_valid_784.jpg
785,img_valid_785.jpg
786,img_valid_786.jpg
787,img_valid_787.jpg
788,img_valid_788.jpg
789,img_valid_789.jpg
790,img_valid_790.jpg
791,img_valid_791.jpg
792,img_valid_792.jpg
793,img_valid_793.jpg
794,img_valid_794.jpg
795,img_valid_795.jpg
796,img_valid_796.jpg
797,img_valid_797.jpg
798,img_valid_798.jpg
799,img_valid_799.jpg
800,img_valid_800.jpg
801,img_valid_801.jpg
802,img_valid_802.jpg
803,img_valid_803.jpg
804,img_valid_804.jpg
805,img_valid_805.jpg
806,img_valid_806.jpg
807,img_valid_807.jpg
808,img_valid_808.jpg
809,img_valid_809.jpg
810,img_valid_810.jpg
811,img_valid_811.jpg
812,img_valid_812.jpg
813,img_valid_813.jpg
814,img_valid_814.jpg
815,img_valid_815.jpg
816,img_valid_816.jpg
817,img_valid_817.jpg
818,img_valid_818.jpg
819,img_valid_819.jpg
820,img_valid_820.jpg
821,img_valid_821.jpg
822,img_valid_822.jpg
823,img_valid_823.jpg
824,img_valid_824.jpg
825,img_valid_825.jpg
826,img_valid_826.jpg
827,img_valid_827.jpg
828,img_valid_828.jpg
829,img_valid_829.jpg
830,img_valid_830.jpg
831,img_valid_831.jpg
832,img_valid_832.jpg
833,img_valid_833.jpg
834,img_valid_834.jpg
835,img_valid_835.jpg
836,img_valid_836.jpg
837,img_valid_837.jpg
838,img_valid_838.jpg
839,img_valid_839.jpg
840,img_valid_840.jpg
841,img_valid_841.jpg
842,img_valid_842.jpg
843,img_valid_843.jpg
844,img_valid_844.jpg
845,img_valid_845.jpg
846,img_valid_846.jpg
847,img_valid_847.jpg
848,img_valid_848.jpg
849,img_valid_849.jpg
850,img_valid_850.jpg
851,img_valid_851.jpg
852,img_valid_852.jpg
853,img_valid_853.jpg
854,img_valid_854.jpg
855,img_valid_855.jpg
856,img_valid_856.jpg
857,img_valid_857.jpg
858,img_valid_858.jpg
859,img_valid_859.jpg
860,img_valid_860.jpg
861,img_valid_861.jpg
862,img_valid_862.jpg
863,img_valid_863.jpg
864,img_valid_864.jpg
865,img_valid_865.jpg
866,img_valid_866.jpg
867,img_valid_867.jpg
868,img_valid_868.jpg
869,img_valid_869.jpg
870,img_valid_870.jpg
871,img_valid_871.jpg
872,img_valid_872.jpg
873,img_valid_873.jpg
874,img_valid_874.jpg
875,img_valid_875.jpg
876,img_valid_876.jpg
877,img_valid_877.jpg
878,img_valid_878.jpg
879,img_valid_879.jpg
880,img_valid_880.jpg
881,img_valid_881.jpg
882,img_valid_882.jpg
883,img_valid_883.jpg
884,img_valid_884.jpg
885,img_valid_885.jpg
886,img_valid_886.jpg
887,img_valid_887.jpg
888,img_valid_888.jpg
889,img_valid_889.jpg
890,img_valid_890.jpg
891,img_valid_891.jpg
892,img_valid_892.jpg
893,img_valid_893.jpg
894,img_valid_894.jpg
895,img_valid_895.jpg
896,img_valid_896.jpg
897,img_valid_897.jpg
898,img_valid_898.jpg
899,img_valid_899.jpg
900,img_valid_900.jpg
901,img_valid_901.jpg
902,img_valid_902.jpg
903,img_valid_903.jpg
904,img_valid_904.jpg
905,img_valid_905.jpg
906,img_valid_906.jpg
907,img_valid_907.jpg
908,img_valid_908.jpg
909,img_valid_909.jpg
910,img_valid_910.jpg
911,img_valid_911.jpg
912,img_valid_912.jpg
913,img_valid_913.jpg
914,img_valid_914.jpg
915,img_valid_915.jpg
916,img_valid_916.jpg
917,img_valid_917.jpg
918,img_valid_918.jpg
919,img_valid_919.jpg
920,img_valid_920.jpg
921,img_valid_921.jpg
922,img_valid_922.jpg
923,img_valid_923.jpg
924,img_valid_924.jpg
925,img_valid_925.jpg
926,img_valid_926.jpg
927,img_valid_927.jpg
928,img_valid_928.jpg
929,img_valid_929.jpg
930,img_valid_930.jpg
931,img_valid_931.jpg
932,img_valid_932.jpg
933,img_valid_933.jpg
934,img_valid_934.jpg
935,img_valid_935.jpg
936,img_valid_936.jpg
937,img_valid_937.jpg
938,img_valid_938.jpg
939,img_valid_939.jpg
940,img_valid_940.jpg
941,img_valid_941.jpg
942,img_valid_942.jpg
943,img_valid_943.jpg
944,img_valid_944.jpg
945,img_valid_945.jpg
946,img_valid_946.jpg
947,img_valid_947.jpg
948,img_valid_948.jpg
949,img_valid_949.jpg
950,img_valid_950.jpg
951,img_valid_951.jpg
952,img_valid_952.jpg
953,img_valid_953.jpg
954,img_valid_954.jpg
955,img_valid_955.jpg
956,img_valid_956.jpg
957,img_valid_957.jpg
958,img_valid_958.jpg
959,img_valid_959.jpg
960,img_valid_960.jpg
961,img_valid_961.jpg
962,img_valid_962.jpg
963,img_valid_963.jpg
964,img_valid_964.jpg
965,img_valid_965.jpg
966,img_valid_966.jpg
967,img_valid_967.jpg
968,img_valid_968.jpg
969,img_valid_969.jpg
970,img_valid_970.jpg
971,img_valid_971.jpg
972,img_valid_972.jpg
973,img_valid_973.jpg
974,img_valid_974.jpg
975,img_valid_975.jpg
976,img_valid_976.jpg
977,img_valid_977.jpg
978,img_valid_978.jpg
979,img_valid_979.jpg
980,img_valid_980.jpg
981,img_valid_981.jpg
982,img_valid_982.jpg
983,img_valid_983.jpg
984,img_valid_984.jpg
985,img_valid_985.jpg
986,img_valid_986.jpg
987,img_valid_987.jpg
988,img_valid_988.jpg
989,img_valid_989.jpg
990,img_valid_990.jpg
991,img_valid_991.jpg
992,img_valid_992.jpg
993,img_valid_993.jpg
994,img_valid_994.jpg
995,img_valid_995.jpg
996,img_valid_996.jpg
997,img_valid_997.jpg
998,img_valid_998.jpg
999,img_valid_999.jpg
1000,img_valid_1000.jpg
1001,img_valid_1001.jpg
1002,img_valid_1002.jpg
1003,img_valid_1003.jpg
1004,img_valid_1004.jpg
1005,img_valid_1005.jpg
1006,img_valid_1006.jpg
1007,img_valid_1007.jpg
1008,img_valid_1008.jpg
1009,img_valid_1009.jpg
1010,img_valid_1010.jpg
1011,img_valid_1011.jpg
1012,img_valid_1012.jpg
1013,img_valid_1013.jpg
1014,img_valid_1014.jpg
1015,img_valid_1015.jpg
1016,img_valid_1016.jpg
1017,img_valid_1017.jpg
1018,img_valid_1018.jpg
1019,img_valid_1019.jpg
1020,img_valid_1020.jpg
1021,img_valid_1021.jpg
1022,img_valid_1022.jpg
1023,img_valid_1023.jpg
1024,img_valid_1024.jpg
1025,img_valid_1025.jpg
1026,img_valid_1026.jpg
1027,img_valid_1027.jpg
1028,img_valid_1028.jpg
1029,img_valid_1029.jpg
1030,img_valid_1030.jpg
1031,img_valid_1031.jpg
1032,img_valid_1032.jpg
1033,img_valid_1033.jpg
1034,img_valid_1034.jpg
1035,img_valid_1035.jpg
1036,img_valid_1036.jpg
1037,img_valid_1037.jpg
1038,img_valid_1038.jpg
1039,img_valid_1039.jpg
1040,img_valid_1040.jpg
1041,img_valid_1041.jpg
1042,img_valid_1042.jpg
1043,img_valid_1043.jpg
1044,img_valid_1044.jpg
1045,img_valid_1045.jpg
1046,img_valid_1046.jpg
1047,img_valid_1047.jpg
1048,img_valid_1048.jpg
1049,img_valid_1049.jpg
1050,img_valid_1050.jpg
1051,img_valid_1051.jpg
1052,img_valid_1052.jpg
1053,img_valid_1053.jpg
1054,img_valid_1054.jpg
1055,img_valid_1055.jpg
1056,img_valid_1056.jpg
1057,img_valid_1057.jpg
1058,img_valid_1058.jpg
1059,img_valid_1059.jpg
1060,img_valid_1060.jpg
1061,img_valid_1061.jpg
1062,img_valid_1062.jpg
1063,img_valid_1063.jpg
1064,img_valid_1064.jpg
1065,img_valid_1065.jpg
1066,img_valid_1066.jpg
1067,img_valid_1067.jpg
1068,img_valid_1068.jpg
1069,img_valid_1069.jpg
1070,img_valid_1070.jpg
1071,img_valid_1071.jpg
1072,img_valid_1072.jpg
1073,img_valid_1073.jpg
1074,img_valid_1074.jpg
1075,img_valid_1075.jpg
1076,img_valid_1076.jpg
1077,img_valid_1077.jpg
1078,img_valid_1078.jpg
1079,img_valid_1079.jpg
1080,img_valid_1080.jpg
1081,img_valid_1081.jpg
1082,img_valid_1082.jpg
1083,img_valid_1083.jpg
1084,img_valid_1084.jpg
1085,img_valid_1085.jpg
1086,img_valid_1086.jpg
1087,img_valid_1087.jpg
1088,img_valid_1088.jpg
1089,img_valid_1089.jpg
1090,img_valid_1090.jpg
1091,img_valid_1091.jpg
1092,img_valid_1092.jpg
1093,img_valid_1093.jpg
1094,img_valid_1094.jpg
1095,img_valid_1095.jpg
1096,img_valid_1096.jpg
1097,img_valid_1097.jpg
1098,img_valid_1098.jpg
1099,img_valid_1099.jpg
1100,img_valid_1100.jpg
1101,img_valid_1101.jpg
1102,img_valid_1102.jpg
1103,img_valid_1103.jpg
1104,img_valid_1104.jpg
1105,img_valid_1105.jpg
1106,img_valid_1106.jpg
1107,img_valid_1107.jpg
1108,img_valid_1108.jpg
1109,img_valid_1109.jpg
1110,img_valid_1110.jpg
1111,img_valid_1111.jpg
1112,img_valid_1112.jpg
1113,img_valid_1113.jpg
1114,img_valid_1114.jpg
1115,img_valid_1115.jpg
1116,img_valid_1116.jpg
1117,img_valid_1117.jpg
1118,img_valid_1118.jpg
1119,img_valid_1119.jpg
1120,img_valid_1120.jpg
1121,img_valid_1121.jpg
1122,img_valid_1122.jpg
1123,img_valid_1123.jpg
1124,img_valid_1124.jpg
1125,img_valid_1125.jpg
1126,img_valid_1126.jpg
1127,img_valid_1127.jpg
1128,img_valid_1128.jpg
1129,img_valid_1129.jpg
1130,img_valid_1130.jpg
1131,img_valid_1131.jpg
1132,img_valid_1132.jpg
1133,img_valid_1133.jpg
1134,img_valid_1134.jpg
1135,img_valid_1135.jpg
1136,img_valid_1136.jpg
1137,img_valid_1137.jpg
1138,img_valid_1138.jpg
1139,img_valid_1139.jpg
1140,img_valid_1140.jpg
1141,img_valid_1141.jpg
1142,img_valid_1142.jpg
1143,img_valid_1143.jpg
1144,img_valid_1144.jpg
1145,img_valid_1145.jpg
1146,img_valid_1146.jpg
1147,img_valid_1147.jpg
1148,img_valid_1148.jpg
1149,img_valid_1149.jpg
1150,img_valid_1150.jpg
1151,img_valid_1151.jpg
1152,img_valid_1152.jpg
1153,img_valid_1153.jpg
1154,img_valid_1154.jpg
1155,img_valid_1155.jpg
1156,img_valid_1156.jpg
1157,img_valid_1157.jpg
1158,img_valid_1158.jpg
1159,img_valid_1159.jpg
1160,img_valid_1160.jpg
1161,img_valid_1161.jpg
1162,img_valid_1162.jpg
1163,img_valid_1163.jpg
1164,img_valid_1164.jpg
1165,img_valid_1165.jpg
1166,img_valid_1166.jpg
1167,img_valid_1167.jpg
1168,img_valid_1168.jpg
1169,img_valid_1169.jpg
1170,img_valid_1170.jpg
1171,img_valid_1171.jpg
1172,img_valid_1172.jpg
1173,img_valid_1173.jpg
1174,img_valid_1174.jpg
1175,img_valid_1175.jpg
1176,img_valid_1176.jpg
1177,img_valid_1177.jpg
1178,img_valid_1178.jpg
1179,img_valid_1179.jpg
1180,img_valid_1180.jpg
1181,img_valid_1181.jpg
1182,img_valid_1182.jpg
1183,img_valid_1183.jpg
1184,img_valid_1184.jpg
1185,img_valid_1185.jpg
1186,img_valid_1186.jpg
1187,img_valid_1187.jpg
1188,img_valid_1188.jpg
1189,img_valid_1189.jpg
1190,img_valid_1190.jpg
1191,img_valid_1191.jpg
1192,img_valid_1192.jpg
1193,img_valid_1193.jpg
1194,img_valid_1194.jpg
1195,img_valid_1195.jpg
1196,img_valid_1196.jpg
1197,img_valid_1197.jpg
1198,img_valid_1198.jpg
1199,img_valid_1199.jpg
1200,img_valid_1200.jpg
1201,img_valid_1201.jpg
1202,img_valid_1202.jpg
1203,img_valid_1203.jpg
1204,img_valid_1204.jpg
1205,img_valid_1205.jpg
1206,img_valid_1206.jpg
1207,img_valid_1207.jpg
1208,img_valid_1208.jpg
1209,img_valid_1209.jpg
1210,img_valid_1210.jpg
1211,img_valid_1211.jpg
1212,img_valid_1212.jpg
1213,img_valid_1213.jpg
1214,img_valid_1214.jpg
1215,img_valid_1215.jpg
1216,img_valid_1216.jpg
1217,img_valid_1217.jpg
1218,img_valid_1218.jpg
1219,img_valid_1219.jpg
1220,img_valid_1220.jpg
1221,img_valid_1221.jpg
1222,img_valid_1222.jpg
1223,img_valid_1223.jpg
1224,img_valid_1224.jpg
1225,img_valid_1225.jpg
1226,img_valid_1226.jpg
1227,img_valid_1227.jpg
1228,img_valid_1228.jpg
1229,img_valid_1229.jpg
1230,img_valid_1230.jpg
1231,img_valid_1231.jpg
1232,img_valid_1232.jpg
1233,img_valid_1233.jpg
1234,img_valid_1234.jpg
1235,img_valid_1235.jpg
1236,img_valid_1236.jpg
1237,img_valid_1237.jpg
1238,img_valid_1238.jpg
1239,img_valid_1239.jpg
1240,img_valid_1240.jpg
1241,img_valid_1241.jpg
1242,img_valid_1242.jpg
1243,img_valid_1243.jpg
1244,img_valid_1244.jpg
1245,img_valid_1245.jpg
1246,img_valid_1246.jpg
1247,img_valid_1247.jpg
1248,img_valid_1248.jpg
1249,img_valid_1249.jpg
1250,img_valid_1250.jpg
1251,img_valid_1251.jpg
1252,img_valid_1252.jpg
1253,img_valid_1253.jpg
1254,img_valid_1254.jpg
1255,img_valid_1255.jpg
1256,img_valid_1256.jpg
1257,img_valid_1257.jpg
1258,img_valid_1258.jpg
1259,img_valid_1259.jpg
1260,img_valid_1260.jpg
1261,img_valid_1261.jpg
1262,img_valid_1262.jpg
1263,img_valid_1263.jpg
1264,img_valid_1264.jpg
1265,img_valid_1265.jpg
1266,img_valid_1266.jpg
1267,img_valid_1267.jpg
1268,img_valid_1268.jpg
1269,img_valid_1269.jpg
1270,img_valid_1270.jpg
1271,img_valid_1271.jpg
1272,img_valid_1272.jpg
1273,img_valid_1273.jpg
1274,img_valid_1274.jpg
1275,img_valid_1275.jpg
1276,img_valid_1276.jpg
1277,img_valid_1277.jpg
1278,img_valid_1278.jpg
1279,img_valid_1279.jpg
1280,img_valid_1280.jpg
1281,img_valid_1281.jpg
1282,img_valid_1282.jpg
1283,img_valid_1283.jpg
1284,img_valid_1284.jpg
1285,img_valid_1285.jpg
1286,img_valid_1286.jpg
1287,img_valid_1287.jpg
1288,img_valid_1288.jpg
1289,img_valid_1289.jpg
1290,img_valid_1290.jpg
1291,img_valid_1291.jpg
1292,img_valid_1292.jpg
1293,img_valid_1293.jpg
1294,img_valid_1294.jpg
1295,img_valid_1295.jpg
1296,img_valid_1296.jpg
1297,img_valid_1297.jpg
1298,img_valid_1298.jpg
1299,img_valid_1299.jpg
1300,img_valid_1300.jpg
1301,img_valid_1301.jpg
1302,img_valid_1302.jpg
1303,img_valid_1303.jpg
1304,img_valid_1304.jpg
1305,img_valid_1305.jpg
1306,img_valid_1306.jpg
1307,img_valid_1307.jpg
1308,img_valid_1308.jpg
1309,img_valid_1309.jpg
1310,img_valid_1310.jpg
1311,img_valid_1311.jpg
1312,img_valid_1312.jpg
1313,img_valid_1313.jpg
1314,img_valid_1314.jpg
1315,img_valid_1315.jpg
1316,img_valid_1316.jpg
1317,img_valid_1317.jpg
1318,img_valid_1318.jpg
1319,img_valid_1319.jpg
1320,img_valid_1320.jpg
1321,img_valid_1321.jpg
1322,img_valid_1322.jpg
1323,img_valid_1323.jpg
1324,img_valid_1324.jpg
1325,img_valid_1325.jpg
1326,img_valid_1326.jpg
1327,img_valid_1327.jpg
1328,img_valid_1328.jpg
1329,img_valid_1329.jpg
1330,img_valid_1330.jpg
1331,img_valid_1331.jpg
1332,img_valid_1332.jpg
1333,img_valid_1333.jpg
1334,img_valid_1334.jpg
1335,img_valid_1335.jpg
1336,img_valid_1336.jpg
1337,img_valid_1337.jpg
1338,img_valid_1338.jpg
1339,img_valid_1339.jpg
1340,img_valid_1340.jpg
1341,img_valid_1341.jpg
1342,img_valid_1342.jpg
1343,img_valid_1343.jpg
1344,img_valid_1344.jpg
1345,img_valid_1345.jpg
1346,img_valid_1346.jpg
1347,img_valid_1347.jpg
1348,img_valid_1348.jpg
1349,img_valid_1349.jpg
1350,img_valid_1350.jpg
1351,img_valid_1351.jpg
1352,img_valid_1352.jpg
1353,img_valid_1353.jpg
1354,img_valid_1354.jpg
1355,img_valid_1355.jpg
1356,img_valid_1356.jpg
1357,img_valid_1357.jpg
1358,img_valid_1358.jpg
1359,img_valid_1359.jpg
1360,img_valid_1360.jpg
1361,img_valid_1361.jpg
1362,img_valid_1362.jpg
1363,img_valid_1363.jpg
1364,img_valid_1364.jpg
1365,img_valid_1365.jpg
1366,img_valid_1366.jpg
1367,img_valid_1367.jpg
1368,img_valid_1368.jpg
1369,img_valid_1369.jpg
1370,img_valid_1370.jpg
1371,img_valid_1371.jpg
1372,img_valid_1372.jpg
1373,img_valid_1373.jpg
1374,img_valid_1374.jpg
1375,img_valid_1375.jpg
1376,img_valid_1376.jpg
1377,img_valid_1377.jpg
1378,img_valid_1378.jpg
1379,img_valid_1379.jpg
1380,img_valid_1380.jpg
1381,img_valid_1381.jpg
1382,img_valid_1382.jpg
1383,img_valid_1383.jpg
1384,img_valid_1384.jpg
1385,img_valid_1385.jpg
1386,img_valid_1386.jpg
1387,img_valid_1387.jpg
1388,img_valid_1388.jpg
1389,img_valid_1389.jpg
1390,img_valid_1390.jpg
1391,img_valid_1391.jpg
1392,img_valid_1392.jpg
1393,img_valid_1393.jpg
1394,img_valid_1394.jpg
1395,img_valid_1395.jpg
1396,img_valid_1396.jpg
1397,img_valid_1397.jpg
1398,img_valid_1398.jpg
1399,img_valid_1399.jpg
1400,img_valid_1400.jpg
1401,img_valid_1401.jpg
1402,img_valid_1402.jpg
1403,img_valid_1403.jpg
1404,img_valid_1404.jpg
1405,img_valid_1405.jpg
1406,img_valid_1406.jpg
1407,img_valid_1407.jpg
1408,img_valid_1408.jpg
1409,img_valid_1409.jpg
1410,img_valid_1410.jpg
1411,img_valid_1411.jpg
1412,img_valid_1412.jpg
1413,img_valid_1413.jpg
1414,img_valid_1414.jpg
1415,img_valid_1415.jpg
1416,img_valid_1416.jpg
1417,img_valid_1417.jpg
1418,img_valid_1418.jpg
1419,img_valid_1419.jpg
1420,img_valid_1420.jpg
1421,img_valid_1421.jpg
1422,img_valid_1422.jpg
1423,img_valid_1423.jpg
1424,img_valid_1424.jpg
1425,img_valid_1425.jpg
1426,img_valid_1426.jpg
1427,img_valid_1427.jpg
1428,img_valid_1428.jpg
1429,img_valid_1429.jpg
1430,img_valid_1430.jpg
1431,img_valid_1431.jpg
1432,img_valid_1432.jpg
1433,img_valid_1433.jpg
1434,img_valid_1434.jpg
1435,img_valid_1435.jpg
1436,img_valid_1436.jpg
1437,img_valid_1437.jpg
1438,img_valid_1438.jpg
1439,img_valid_1439.jpg
1440,img_valid_1440.jpg
1441,img_valid_1441.jpg
1442,img_valid_1442.jpg
1443,img_valid_1443.jpg
1444,img_valid_1444.jpg
1445,img_valid_1445.jpg
1446,img_valid_1446.jpg
1447,img_valid_1447.jpg
1448,img_valid_1448.jpg
1449,img_valid_1449.jpg
1450,img_valid_1450.jpg
1451,img_valid_1451.jpg
1452,img_valid_1452.jpg
1453,img_valid_1453.jpg
1454,img_valid_1454.jpg
1455,img_valid_1455.jpg
1456,img_valid_1456.jpg
1457,img_valid_1457.jpg
1458,img_valid_1458.jpg
1459,img_valid_1459.jpg
1460,img_valid_1460.jpg
1461,img_valid_1461.jpg
1462,img_valid_1462.jpg
1463,img_valid_1463.jpg
1464,img_valid_1464.jpg
1465,img_valid_1465.jpg
1466,img_valid_1466.jpg
1467,img_valid_1467.jpg
1468,img_valid_1468.jpg
1469,img_valid_1469.jpg
1470,img_valid_1470.jpg
1471,img_valid_1471.jpg
1472,img_valid_1472.jpg
1473,img_valid_1473.jpg
1474,img_valid_1474.jpg
1475,img_valid_1475.jpg
1476,img_valid_1476.jpg
1477,img_valid_1477.jpg
1478,img_valid_1478.jpg
1479,img_valid_1479.jpg
1480,img_valid_1480.jpg
1481,img_valid_1481.jpg
1482,img_valid_1482.jpg
1483,img_valid_1483.jpg
1484,img_valid_1484.jpg
1485,img_valid_1485.jpg
1486,img_valid_1486.jpg
1487,img_valid_1487.jpg
1488,img_valid_1488.jpg
1489,img_valid_1489.jpg
1490,img_valid_1490.jpg
1491,img_valid_1491.jpg
1492,img_valid_1492.jpg
1493,img_valid_1493.jpg
1494,img_valid_1494.jpg
1495,img_valid_1495.jpg
1496,img_valid_1496.jpg
1497,img_valid_1497.jpg
1498,img_valid_1498.jpg
1499,img_valid_1499.jpg
1500,img_valid_1500.jpg
1501,img_valid_1501.jpg
1502,img_valid_1502.jpg
1503,img_valid_1503.jpg
1504,img_valid_1504.jpg
1505,img_valid_1505.jpg
1506,img_valid_1506.jpg
1507,img_valid_1507.jpg
1508,img_valid_1508.jpg
1509,img_valid_1509.jpg
1510,img_valid_1510.jpg
1511,img_valid_1511.jpg
1512,img_valid_1512.jpg
1513,img_valid_1513.jpg
1514,img_valid_1514.jpg
1515,img_valid_1515.jpg
1516,img_valid_1516.jpg
1517,img_valid_1517.jpg
1518,img_valid_1518.jpg
1519,img_valid_1519.jpg
1520,img_valid_1520.jpg
1521,img_valid_1521.jpg
1522,img_valid_1522.jpg
1523,img_valid_1523.jpg
1524,img_valid_1524.jpg
1525,img_valid_1525.jpg
1526,img_valid_1526.jpg
1527,img_valid_1527.jpg
1528,img_valid_1528.jpg
1529,img_valid_1529.jpg
1530,img_valid_1530.jpg
1531,img_valid_1531.jpg
1532,img_valid_1532.jpg
1533,img_valid_1533.jpg
1534,img_valid_1534.jpg
1535,img_valid_1535.jpg
1536,img_valid_1536.jpg
1537,img_valid_1537.jpg
1538,img_valid_1538.jpg
1539,img_valid_1539.jpg
1540,img_valid_1540.jpg
1541,img_valid_1541.jpg
1542,img_valid_1542.jpg
1543,img_valid_1543.jpg
1544,img_valid_1544.jpg
1545,img_valid_1545.jpg
1546,img_valid_1546.jpg
1547,img_valid_1547.jpg
1548,img_valid_1548.jpg
1549,img_valid_1549.jpg
1550,img_valid_1550.jpg
1551,img_valid_1551.jpg
1552,img_valid_1552.jpg
1553,img_valid_1553.jpg
1554,img_valid_1554.jpg
1555,img_valid_1555.jpg
1556,img_valid_1556.jpg
1557,img_valid_1557.jpg
1558,img_valid_1558.jpg
1559,img_valid_1559.jpg
1560,img_valid_1560.jpg
1561,img_valid_1561.jpg
1562,img_valid_1562.jpg
1563,img_valid_1563.jpg
1564,img_valid_1564.jpg
1565,img_valid_1565.jpg
1566,img_valid_1566.jpg
1567,img_valid_1567.jpg
1568,img_valid_1568.jpg
1569,img_valid_1569.jpg
1570,img_valid_1570.jpg
1571,img_valid_1571.jpg
1572,img_valid_1572.jpg
1573,img_valid_1573.jpg
1574,img_valid_1574.jpg
1575,img_valid_1575.jpg
1576,img_valid_1576.jpg
1577,img_valid_1577.jpg
1578,img_valid_1578.jpg
1579,img_valid_1579.jpg
1580,img_valid_1580.jpg
1581,img_valid_1581.jpg
1582,img_valid_1582.jpg
1583,img_valid_1583.jpg
1584,img_valid_1584.jpg
1585,img_valid_1585.jpg
1586,img_valid_1586.jpg
1587,img_valid_1587.jpg
1588,img_valid_1588.jpg
1589,img_valid_1589.jpg
1590,img_valid_1590.jpg
1591,img_valid_1591.jpg
1592,img_valid_1592.jpg
1593,img_valid_1593.jpg
1594,img_valid_1594.jpg
1595,img_valid_1595.jpg
1596,img_valid_1596.jpg
1597,img_valid_1597.jpg
1598,img_valid_1598.jpg
1599,img_valid_1599.jpg
1600,img_valid_1600.jpg
1601,img_valid_1601.jpg
1602,img_valid_1602.jpg
1603,img_valid_1603.jpg
1604,img_valid_1604.jpg
1605,img_valid_1605.jpg
1606,img_valid_1606.jpg
1607,img_valid_1607.jpg
1608,img_valid_1608.jpg
1609,img_valid_1609.jpg
1610,img_valid_1610.jpg
1611,img_valid_1611.jpg
1612,img_valid_1612.jpg
1613,img_valid_1613.jpg
1614,img_valid_1614.jpg
1615,img_valid_1615.jpg
1616,img_valid_1616.jpg
1617,img_valid_1617.jpg
1618,img_valid_1618.jpg
1619,img_valid_1619.jpg
1620,img_valid_1620.jpg
1621,img_valid_1621.jpg
1622,img_valid_1622.jpg
1623,img_valid_1623.jpg
1624,img_valid_1624.jpg
1625,img_valid_1625.jpg
1626,img_valid_1626.jpg
1627,img_valid_1627.jpg
1628,img_valid_1628.jpg
1629,img_valid_1629.jpg
1630,img_valid_1630.jpg
1631,img_valid_1631.jpg
1632,img_valid_1632.jpg
1633,img_valid_1633.jpg
1634,img_valid_1634.jpg
1635,img_valid_1635.jpg
1636,img_valid_1636.jpg
1637,img_valid_1637.jpg
1638,img_valid_1638.jpg
1639,img_valid_1639.jpg
1640,img_valid_1640.jpg
1641,img_valid_1641.jpg
1642,img_valid_1642.jpg
1643,img_valid_1643.jpg
1644,img_valid_1644.jpg
1645,img_valid_1645.jpg
1646,img_valid_1646.jpg
1647,img_valid_1647.jpg
1648,img_valid_1648.jpg
1649,img_valid_1649.jpg
1650,img_valid_1650.jpg
1651,img_valid_1651.jpg
1652,img_valid_1652.jpg
1653,img_valid_1653.jpg
1654,img_valid_1654.jpg
1655,img_valid_1655.jpg
1656,img_valid_1656.jpg
1657,img_valid_1657.jpg
1658,img_valid_1658.jpg
1659,img_valid_1659.jpg
1660,img_valid_1660.jpg
1661,img_valid_1661.jpg
1662,img_valid_1662.jpg
1663,img_valid_1663.jpg
1664,img_valid_1664.jpg
1665,img_valid_1665.jpg
1666,img_valid_1666.jpg
1667,img_valid_1667.jpg
1668,img_valid_1668.jpg
1669,img_valid_1669.jpg
1670,img_valid_1670.jpg
1671,img_valid_1671.jpg
1672,img_valid_1672.jpg
1673,img_valid_1673.jpg
1674,img_valid_1674.jpg
1675,img_valid_1675.jpg
1676,img_valid_1676.jpg
1677,img_valid_1677.jpg
1678,img_valid_1678.jpg
1679,img_valid_1679.jpg
1680,img_valid_1680.jpg
1681,img_valid_1681.jpg
1682,img_valid_1682.jpg
1683,img_valid_1683.jpg
1684,img_valid_1684.jpg
1685,img_valid_1685.jpg
1686,img_valid_1686.jpg
1687,img_valid_1687.jpg
1688,img_valid_1688.jpg
1689,img_valid_1689.jpg
1690,img_valid_1690.jpg
1691,img_valid_1691.jpg
1692,img_valid_1692.jpg
1693,img_valid_1693.jpg
1694,img_valid_1694.jpg
1695,img_valid_1695.jpg
1696,img_valid_1696.jpg
1697,img_valid_1697.jpg
1698,img_valid_1698.jpg
1699,img_valid_1699.jpg
1700,img_valid_1700.jpg
1701,img_valid_1701.jpg
1702,img_valid_1702.jpg
1703,img_valid_1703.jpg
1704,img_valid_1704.jpg
1705,img_valid_1705.jpg
1706,img_valid_1706.jpg
1707,img_valid_1707.jpg
1708,img_valid_1708.jpg
1709,img_valid_1709.jpg
1710,img_valid_1710.jpg
1711,img_valid_1711.jpg
1712,img_valid_1712.jpg
1713,img_valid_1713.jpg
1714,img_valid_1714.jpg
1715,img_valid_1715.jpg
1716,img_valid_1716.jpg
1717,img_valid_1717.jpg
1718,img_valid_1718.jpg
1719,img_valid_1719.jpg
1720,img_valid_1720.jpg
1721,img_valid_1721.jpg
1722,img_valid_1722.jpg
1723,img_valid_1723.jpg
1724,img_valid_1724.jpg
1725,img_valid_1725.jpg
1726,img_valid_1726.jpg
1727,img_valid_1727.jpg
1728,img_valid_1728.jpg
1729,img_valid_1729.jpg
1730,img_valid_1730.jpg
1731,img_valid_1731.jpg
1732,img_valid_1732.jpg
1733,img_valid_1733.jpg
1734,img_valid_1734.jpg
1735,img_valid_1735.jpg
1736,img_valid_1736.jpg
1737,img_valid_1737.jpg
1738,img_valid_1738.jpg
1739,img_valid_1739.jpg
1740,img_valid_1740.jpg
1741,img_valid_1741.jpg
1742,img_valid_1742.jpg
1743,img_valid_1743.jpg
1744,img_valid_1744.jpg
1745,img_valid_1745.jpg
1746,img_valid_1746.jpg
1747,img_valid_1747.jpg
1748,img_valid_1748.jpg
1749,img_valid_1749.jpg
1750,img_valid_1750.jpg
1751,img_valid_1751.jpg
1752,img_valid_1752.jpg
1753,img_valid_1753.jpg
1754,img_valid_1754.jpg
1755,img_valid_1755.jpg
1756,img_valid_1756.jpg
1757,img_valid_1757.jpg
1758,img_valid_1758.jpg
1759,img_valid_1759.jpg
1760,img_valid_1760.jpg
1761,img_valid_1761.jpg
1762,img_valid_1762.jpg
1763,img_valid_1763.jpg
1764,img_valid_1764.jpg
1765,img_valid_1765.jpg
1766,img_valid_1766.jpg
1767,img_valid_1767.jpg
1768,img_valid_1768.jpg
1769,img_valid_1769.jpg
1770,img_valid_1770.jpg
1771,img_valid_1771.jpg
1772,img_valid_1772.jpg
1773,img_valid_1773.jpg
1774,img_valid_1774.jpg
1775,img_valid_1775.jpg
1776,img_valid_1776.jpg
1777,img_valid_1777.jpg
1778,img_valid_1778.jpg
1779,img_valid_1779.jpg
1780,img_valid_1780.jpg
1781,img_valid_1781.jpg
1782,img_valid_1782.jpg
1783,img_valid_1783.jpg
1784,img_valid_1784.jpg
1785,img_valid_1785.jpg
1786,img_valid_1786.jpg
1787,img_valid_1787.jpg
1788,img_valid_1788.jpg
1789,img_valid_1789.jpg
1790,img_valid_1790.jpg
1791,img_valid_1791.jpg
1792,img_valid_1792.jpg
1793,img_valid_1793.jpg
1794,img_valid_1794.jpg
1795,img_valid_1795.jpg
1796,img_valid_1796.jpg
1797,img_valid_1797.jpg
1798,img_valid_1798.jpg
1799,img_valid_1799.jpg
1800,img_valid_1800.jpg
1801,img_valid_1801.jpg
1802,img_valid_1802.jpg
1803,img_valid_1803.jpg
1804,img_valid_1804.jpg
1805,img_valid_1805.jpg
1806,img_valid_1806.jpg
1807,img_valid_1807.jpg
1808,img_valid_1808.jpg
1809,img_valid_1809.jpg
1810,img_valid_1810.jpg
1811,img_valid_1811.jpg
1812,img_valid_1812.jpg
1813,img_valid_1813.jpg
1814,img_valid_1814.jpg
1815,img_valid_1815.jpg
1816,img_valid_1816.jpg
1817,img_valid_1817.jpg
1818,img_valid_1818.jpg
1819,img_valid_1819.jpg
1820,img_valid_1820.jpg
1821,img_valid_1821.jpg
1822,img_valid_1822.jpg
1823,img_valid_1823.jpg
1824,img_valid_1824.jpg
1825,img_valid_1825.jpg
1826,img_valid_1826.jpg
1827,img_valid_1827.jpg
1828,img_valid_1828.jpg
1829,img_valid_1829.jpg
1830,img_valid_1830.jpg
1831,img_valid_1831.jpg
1832,img_valid_1832.jpg
1833,img_valid_1833.jpg
1834,img_valid_1834.jpg
1835,img_valid_1835.jpg
1836,img_valid_1836.jpg
1837,img_valid_1837.jpg
1838,img_valid_1838.jpg
1839,img_valid_1839.jpg
1840,img_valid_1840.jpg
1841,img_valid_1841.jpg
1842,img_valid_1842.jpg
1843,img_valid_1843.jpg
1844,img_valid_1844.jpg
1845,img_valid_1845.jpg
1846,img_valid_1846.jpg
1847,img_valid_1847.jpg
1848,img_valid_1848.jpg
1849,img_valid_1849.jpg
1850,img_valid_1850.jpg
1851,img_valid_1851.jpg
1852,img_valid_1852.jpg
1853,img_valid_1853.jpg
1854,img_valid_1854.jpg
1855,img_valid_1855.jpg
1856,img_valid_1856.jpg
1857,img_valid_1857.jpg
1858,img_valid_1858.jpg
1859,img_valid_1859.jpg
1860,img_valid_1860.jpg
1861,img_valid_1861.jpg
1862,img_valid_1862.jpg
1863,img_valid_1863.jpg
1864,img_valid_1864.jpg
1865,img_valid_1865.jpg
1866,img_valid_1866.jpg
1867,img_valid_1867.jpg
1868,img_valid_1868.jpg
1869,img_valid_1869.jpg
1870,img_valid_1870.jpg
1871,img_valid_1871.jpg
1872,img_valid_1872.jpg
1873,img_valid_1873.jpg
1874,img_valid_1874.jpg
1875,img_valid_1875.jpg
1876,img_valid_1876.jpg
1877,img_valid_1877.jpg
1878,img_valid_1878.jpg
1879,img_valid_1879.jpg
1880,img_valid_1880.jpg
1881,img_valid_1881.jpg
1882,img_valid_1882.jpg
1883,img_valid_1883.jpg
1884,img_valid_1884.jpg
1885,img_valid_1885.jpg
1886,img_valid_1886.jpg
1887,img_valid_1887.jpg
1888,img_valid_1888.jpg
1889,img_valid_1889.jpg
1890,img_valid_1890.jpg
1891,img_valid_1891.jpg
1892,img_valid_1892.jpg
1893,img_valid_1893.jpg
1894,img_valid_1894.jpg
1895,img_valid_1895.jpg
1896,img_valid_1896.jpg
1897,img_valid_1897.jpg
1898,img_valid_1898.jpg
1899,img_valid_1899.jpg
1900,img_valid_1900.jpg
1901,img_valid_1901.jpg
1902,img_valid_1902.jpg
1903,img_valid_1903.jpg
1904,img_valid_1904.jpg
1905,img_valid_1905.jpg
1906,img_valid_1906.jpg
1907,img_valid_1907.jpg
1908,img_valid_1908.jpg
1909,img_valid_1909.jpg
1910,img_valid_1910.jpg
1911,img_valid_1911.jpg
1912,img_valid_1912.jpg
1913,img_valid_1913.jpg
1914,img_valid_1914.jpg
1915,img_valid_1915.jpg
1916,img_valid_1916.jpg
1917,img_valid_1917.jpg
1918,img_valid_1918.jpg
1919,img_valid_1919.jpg
1920,img_valid_1920.jpg
1921,img_valid_1921.jpg
1922,img_valid_1922.jpg
1923,img_valid_1923.jpg
1924,img_valid_1924.jpg
1925,img_valid_1925.jpg
1926,img_valid_1926.jpg
1927,img_valid_1927.jpg
1928,img_valid_1928.jpg
1929,img_valid_1929.jpg
1930,img_valid_1930.jpg
1931,img_valid_1931.jpg
1932,img_valid_1932.jpg
1933,img_valid_1933.jpg
1934,img_valid_1934.jpg
1935,img_valid_1935.jpg
1936,img_valid_1936.jpg
1937,img_valid_1937.jpg
1938,img_valid_1938.jpg
1939,img_valid_1939.jpg
1940,img_valid_1940.jpg
1941,img_valid_1941.jpg
1942,img_valid_1942.jpg
1943,img_valid_1943.jpg
1944,img_valid_1944.jpg
1945,img_valid_1945.jpg
1946,img_valid_1946.jpg
1947,img_valid_1947.jpg
1948,img_valid_1948.jpg
1949,img_valid_1949.jpg
1950,img_valid_1950.jpg
1951,img_valid_1951.jpg
1952,img_valid_1952.jpg
1953,img_valid_1953.jpg
1954,img_valid_1954.jpg
1955,img_valid_1955.jpg
1956,img_valid_1956.jpg
1957,img_valid_1957.jpg
1958,img_valid_1958.jpg
1959,img_valid_1959.jpg
1960,img_valid_1960.jpg
1961,img_valid_1961.jpg
1962,img_valid_1962.jpg
1963,img_valid_1963.jpg
1964,img_valid_1964.jpg
1965,img_valid_1965.jpg
1966,img_valid_1966.jpg
1967,img_valid_1967.jpg
1968,img_valid_1968.jpg
1969,img_valid_1969.jpg
1970,img_valid_1970.jpg
1971,img_valid_1971.jpg
1972,img_valid_1972.jpg
1973,img_valid_1973.jpg
1974,img_valid_1974.jpg
1975,img_valid_1975.jpg
1976,img_valid_1976.jpg
1977,img_valid_1977.jpg
1978,img_valid_1978.jpg
1979,img_valid_1979.jpg
1980,img_valid_1980.jpg
1981,img_valid_1981.jpg
1982,img_valid_1982.jpg
1983,img_valid_1983.jpg
1984,img_valid_1984.jpg
1985,img_valid_1985.jpg
1986,img_valid_1986.jpg
1987,img_valid_1987.jpg
1988,img_valid_1988.jpg
1989,img_valid_1989.jpg
1990,img_valid_1990.jpg
1991,img_valid_1991.jpg
1992,img_valid_1992.jpg
1993,img_valid_1993.jpg
1994,img_valid_1994.jpg
1995,img_valid_1995.jpg
1996,img_valid_1996.jpg
1997,img_valid_1997.jpg
1998,img_valid_1998.jpg
1999,img_valid_1999.jpg
2000,img_valid_2000.jpg
